헤드라인,이미지url
"유승민 “보수정권 두 번째 탄핵, 통렬한 사과···보수 새롭게 거듭나야”",https://mimgnews.pstatic.net/image/origin/032/2025/04/04/3361267.jpg
이재명 “빛의 혁명으로 국민들이 민주주의 부활시켜”,https://mimgnews.pstatic.net/image/origin/020/2025/04/04/3626025.jpg
문재인 “놀라운 민주주의 회복력…모두 국민 덕분”,https://mimgnews.pstatic.net/image/origin/022/2025/04/04/4025049.jpg
"尹 ""기대 부응 못해 죄송""…승복 언급은 없었다",https://mimgnews.pstatic.net/image/origin/018/2025/04/04/5979224.jpg
"대통령실, 봉황기 내렸다…尹 전원일치 파면 결정 직후",https://mimgnews.pstatic.net/image/origin/119/2025/04/04/2941511.jpg
"""탄핵 찬성파 조치해야""…국민의힘, 尹 파면에 내부 갈등 재점화?",https://mimgnews.pstatic.net/image/origin/008/2025/04/04/5176018.jpg
"박찬대, 국민의힘에 ""尹 제명하고 내란 동조 의원들 징계해야""",https://mimgnews.pstatic.net/image/origin/008/2025/04/04/5176039.jpg
"[속보] 고개 숙인 국민의힘 ""헌재 결정 겸허히 수용... 여당 역할 못한 책임 통감""",https://mimgnews.pstatic.net/image/origin/469/2025/04/04/857660.jpg
"[속보] 韓대행 ""국정 공백 없도록 유지…대선 관리 최선 다하겠다""",https://mimgnews.pstatic.net/image/origin/025/2025/04/04/3431944.jpg
"우원식 ""어느 한쪽의 승리 아닌 헌법과 민주주의의 승리""",https://mimgnews.pstatic.net/image/origin/656/2025/04/04/127420.jpg
고비마다 일방통행…불통이 尹파면 불렀다,https://mimgnews.pstatic.net/image/origin/018/2025/04/04/5979334.jpg
'60일 레이스' 조기대선은 6월3일?...대선 예비후보 등록 시작,https://mimgnews.pstatic.net/image/origin/008/2025/04/04/5176090.jpg
"“2시간짜리 계엄, 믿기 어렵다” 조목조목 반박한 헌재",https://mimgnews.pstatic.net/image/origin/032/2025/04/04/3361340.jpg
파란만장 35개월…질풍노도 윤석열 정권이 남긴 빛과 그림자,https://mimgnews.pstatic.net/image/origin/008/2025/04/04/5176086.jpg
"정청래 ""99.9% 기대한 것과 같았다... 헌법 200번 넘게 읽었다""",https://mimgnews.pstatic.net/image/origin/047/2025/04/04/2468599.jpg
"[단독] ""의원 총사퇴라도 해야""…국힘 의총서 쇄신 요구 쏟아져",https://mimgnews.pstatic.net/image/origin/015/2025/04/04/5115178.jpg
이준석 “망상의 끝은 결국 파면… 바른말 하는 보수세력 보여줄것”,https://mimgnews.pstatic.net/image/origin/020/2025/04/04/3626077.jpg
"정권교체 탄력… 윤석열, 파면으로 끝나지 않는다",https://mimgnews.pstatic.net/image/origin/006/2025/04/04/129339.jpg
"尹 파면·약달러에 원화 제자리?…""4월 내 1400원 가능"" [김혜란의 FX]",https://mimgnews.pstatic.net/image/origin/011/2025/04/04/4470272.jpg
선관위 “오늘부터 제21대 대선 예비 후보자 등록 시작”,https://mimgnews.pstatic.net/image/origin/081/2025/04/04/3530963.jpg
"봉황기 내린 대통령실…정진석 등 참모진, 한덕수에 일괄 사의",https://mimgnews.pstatic.net/image/origin/028/2025/04/04/2739332.jpg
"""피청구인 대통령 윤석열을 파면한다""…선고 직후 양측 대리인단 표정은",https://mimgnews.pstatic.net/image/origin/011/2025/04/04/4470270.jpg
"'강골 검사'에서 '별의 순간', 불통 이미지에 파면까지…영욕의 1060일",https://mimgnews.pstatic.net/image/origin/088/2025/04/04/940136.jpg
"""어려운 쟁점 쉽게 설명"".. '숙고' 헌재 결정문에 찬사  이어져 [영상·전문]",https://mimgnews.pstatic.net/image/origin/661/2025/04/04/53085.jpg
"'8대 0' 파면이라는 데도···국민의힘 내부 ""탄핵 찬성파와 같이 못 있겠다""",https://mimgnews.pstatic.net/image/origin/657/2025/04/04/36876.jpg
"일반인 尹..연금은 박탈, 경호는 낮은 수준 유지 [윤 대통령 파면]",https://mimgnews.pstatic.net/image/origin/014/2025/04/04/5331484.jpg
"파면된 尹, 아크로비스타로 언제 돌아가나",https://mimgnews.pstatic.net/image/origin/079/2025/04/04/4010393.jpg
"尹 ""기대 부응 못해 죄송""..봉황기 내린 대통령실[윤 대통령 파면]",https://mimgnews.pstatic.net/image/origin/014/2025/04/04/5331483.jpg
"경호시설 없는 서초동 사저...尹부부, 거처 이전 늦어지나",https://mimgnews.pstatic.net/image/origin/469/2025/04/04/857738.jpg
"외신, ‘尹 파면’ 긴급 타전...“전직 스타 검사의 극적인 몰락 마무리”",https://mimgnews.pstatic.net/image/origin/009/2025/04/04/5471001.jpg
"與 ""이재명에 대한민국 맡길 수 없어…재무장 후 대선 승리로""",https://mimgnews.pstatic.net/image/origin/079/2025/04/04/4010391.jpg
尹 '월 1534만원' 대통령연금 날아갔다…공무원연금은 받을 수도[尹 파면](종합),https://mimgnews.pstatic.net/image/origin/003/2025/04/04/13165310.jpg
기지개 켜는 與 대권 주자들... ‘보수 적통·외연 확장’ 경쟁 본격화,https://mimgnews.pstatic.net/image/origin/366/2025/04/04/1066808.jpg
"'대선후보' 이준석 ""새로운 대한민국의 얼개 그리겠다""",https://mimgnews.pstatic.net/image/origin/015/2025/04/04/5115172.jpg
"[尹파면] 민주, 환호 대신 언행에 신중 기하며 대선정국 대비(종합)",https://mimgnews.pstatic.net/image/origin/001/2025/04/04/15312168.jpg
"김문수·오세훈·한동훈·홍준표…尹 지지자들, 이제 누구 지지?",https://mimgnews.pstatic.net/image/origin/015/2025/04/04/5115171.jpg
"헌재 “윤석열, ‘이승만·박정희·전두환·노태우’ 국가긴급권 남용 역사 재현”",https://mimgnews.pstatic.net/image/origin/032/2025/04/04/3361338.jpg
봉황기 내리고 참모진 사의… ‘용산시대’ 사실상 마침표,https://mimgnews.pstatic.net/image/origin/005/2025/04/04/1767801.jpg
대선 언제 열리나? 6월 3일 유력 거론…‘또 장미 대선’,https://mimgnews.pstatic.net/image/origin/020/2025/04/04/3626075.jpg
"與 잠룡, 승복 선언 잇따라…""통렬히 반성, 국민께 사과""",https://mimgnews.pstatic.net/image/origin/421/2025/04/04/8174685.jpg
"[단독] 김기현 ""우린 폐족"", 나경원 ""尹 지키러 나간 것 아냐""... 친윤 중진들 태세전환",https://mimgnews.pstatic.net/image/origin/469/2025/04/04/857732.jpg
"'라방' 켠 이재명, 담 넘은 우원식, 찬성표 한동훈…尹 탄핵 주역의 말말말",https://mimgnews.pstatic.net/image/origin/008/2025/04/04/5176067.jpg
"김동연, ‘尹 파면’ 첫 행보는 ‘자영업자 구조지도’ 식당 방문…“이제 다시 시작”",https://mimgnews.pstatic.net/image/origin/022/2025/04/04/4025080.jpg
‘6월 3일’ 유력… 이번에도 장미 대선,https://mimgnews.pstatic.net/image/origin/005/2025/04/04/1767799.jpg
탄핵 분위기 대선까지 이어지나…2017년처럼 속수무책?,https://mimgnews.pstatic.net/image/origin/088/2025/04/04/940134.jpg
"파면 尹, 이번 주말 관저 나갈 듯…월1500만원 연금 못받아",https://mimgnews.pstatic.net/image/origin/025/2025/04/04/3432003.jpg
 불확실성 걷혔지만 내수·관세 악재…힘 실리는 추경론[尹파면],https://mimgnews.pstatic.net/image/origin/001/2025/04/04/15311396.jpg
"한투증권, 퇴직연금 실물이전 후 실적배당형 상품 투자 급증",https://mimgnews.pstatic.net/image/origin/009/2025/04/04/5470777.jpg
"'관세·탄핵' 변수에 KB ""긴급회의 소집"", 하나 ""긴급 금융지원""",https://mimgnews.pstatic.net/image/origin/008/2025/04/04/5175688.jpg
"김동찬 삼양식품 대표 ""美 관세 TF 구성…식품업계 전체 공동 대응""",https://mimgnews.pstatic.net/image/origin/421/2025/04/04/8174303.jpg
" 원/달러 환율 한 때 1,430.2원으로 36.8원 급락[尹파면]",https://mimgnews.pstatic.net/image/origin/001/2025/04/04/15311083.jpg
봄에 찾아온 '크립토 윈터'…트럼프 관세 폭탄에 가상자산 휘청,https://mimgnews.pstatic.net/image/origin/015/2025/04/03/5114844.jpg
" 최상목, 오후 긴급회의 소집…F4 이어 경제관계장관회의[尹파면]",https://mimgnews.pstatic.net/image/origin/001/2025/04/04/15310929.jpg
"법원, '발란' 회생절차 개시 결정",https://mimgnews.pstatic.net/image/origin/011/2025/04/04/4470258.jpg
배민 지난해 영업이익 6400억 원…독일 모기업에 5400억 원 환원,https://mimgnews.pstatic.net/image/origin/082/2025/04/04/1319670.jpg
"산업부, 미 관세 대응 5개 업종 릴레이 대책회의",https://mimgnews.pstatic.net/image/origin/422/2025/04/04/727946.jpg
"""반도체도 곧 관세부과""…외국인 순매도에 '18만닉스' 위태[핫종목]",https://mimgnews.pstatic.net/image/origin/421/2025/04/04/8174753.jpg
"코스피, 정치 불확실 해소 불구 美관세 여파에 2460선 하락 마감",https://mimgnews.pstatic.net/image/origin/015/2025/04/04/5115181.jpg
"[윤 대통령 파면] ""정국 혼란 끝났다""…'K-방산' '위기의 석화' 컨트롤타워 재시동",https://mimgnews.pstatic.net/image/origin/014/2025/04/04/5331489.jpg
‘이재명 테마주’ 타고 뛴 동신건설… 오너가는 지분 매도로 차익,https://mimgnews.pstatic.net/image/origin/366/2025/04/04/1066819.jpg
"尹 파면, 부동산 시장에 미칠 영향은?",https://mimgnews.pstatic.net/image/origin/022/2025/04/04/4025090.jpg
"키움증권 연일 '먹통'…금감원, 증권사 전산책임자 소집",https://mimgnews.pstatic.net/image/origin/422/2025/04/04/727958.jpg
"""윤석열 파면"" 환율 출렁…美 관세 자충수에 30원 넘게 급락[尹탄핵 인용]",https://mimgnews.pstatic.net/image/origin/421/2025/04/04/8174738.jpg
"에이프로젠, ""유럽 바이오시밀러 임상3상 면제로 수혜 기대""",https://mimgnews.pstatic.net/image/origin/008/2025/04/04/5176085.jpg
끝나지 않은 트럼프 관세…‘무풍지대’ 엔터株는 날았다,https://mimgnews.pstatic.net/image/origin/018/2025/04/04/5979328.jpg
[단독] 한국 공매도 부활했지만…HSBC·맥쿼리 '불참 통보',https://mimgnews.pstatic.net/image/origin/015/2025/04/04/5115177.jpg
트럼프 '미국 해방의 날' 선언한 날… 세계 500대 부호 재산은 302조원 사라졌다,https://mimgnews.pstatic.net/image/origin/014/2025/04/04/5331486.jpg
불확실성 해소? 국장은 롤러코스터…벌써부터 잠룡 테마주 ‘들썩’,https://mimgnews.pstatic.net/image/origin/025/2025/04/04/3432007.jpg
배민 작년 영업이익 6천400억원…모기업이 5천400억원 가져가(종합2보),https://mimgnews.pstatic.net/image/origin/001/2025/04/04/15312201.jpg
윤석열 파면 후 쏟아진 차익실현 매물…코스피 하락 마감,https://mimgnews.pstatic.net/image/origin/648/2025/04/04/35050.jpg
車관세 7시간만에…美 5개 부품공장 900명 동시에 잘렸다,https://mimgnews.pstatic.net/image/origin/025/2025/04/04/3432005.jpg
"1Q 부진했던 국내기업…증권가 ""2분기 반등 기업 주목""",https://mimgnews.pstatic.net/image/origin/008/2025/04/04/5176080.jpg
‘美관세에 尹탄핵까지’ 롤러코스터 올라탄 증시·환율...테마주도 ‘들썩’,https://mimgnews.pstatic.net/image/origin/081/2025/04/04/3530962.jpg
한밤의 계엄령부터 탄핵까지 122일,https://mimgnews.pstatic.net/image/origin/374/2025/04/04/433463.jpg
尹 파면에 환율 1430원대로 하락… “4월 중 1400원도 가능”,https://mimgnews.pstatic.net/image/origin/366/2025/04/04/1066811.jpg
"탄핵 인용에 긍정 전망 쏟아낸 증권가…""눌렸던 코스피 반등할 것""",https://mimgnews.pstatic.net/image/origin/008/2025/04/04/5176077.jpg
"배민, 지난해 영업익(6408억 원) 뒷걸음에도 독일에 5372억 원 환원",https://mimgnews.pstatic.net/image/origin/079/2025/04/04/4010397.jpg
"[윤석열 파면] 힘 못쓴 코스피, 힘 되찾은 원화… 희비 가른 변수는?",https://mimgnews.pstatic.net/image/origin/417/2025/04/04/1068793.jpg
"""파면이 웬 말"" 욕설·탄식 뒤섞인 尹 지지자들, 마음 진정하려면",https://mimgnews.pstatic.net/image/origin/008/2025/04/04/5176075.jpg
'안전자산' 금값까지 하락... 트럼프발 관세 쇼크에 세계 경제 '패닉',https://mimgnews.pstatic.net/image/origin/469/2025/04/04/857739.jpg
아메리칸 파이 부르던 대통령 파면,https://mimgnews.pstatic.net/image/origin/374/2025/04/04/433461.jpg
대통령 파면 결정에 尹 테마주 급락…정치株 '롤러코스터'(종합),https://mimgnews.pstatic.net/image/origin/001/2025/04/04/15312181.jpg
"윤석열 파면에 환율 급락…""이제 다시 미국의 시간""",https://mimgnews.pstatic.net/image/origin/243/2025/04/04/75793.jpg
주 7일 배송 통했다… 홈쇼핑 러브콜 받은 CJ대한통운,https://mimgnews.pstatic.net/image/origin/417/2025/04/04/1068790.jpg
"에르메스 '버킨백' 비싸진다…""명품 가격 6% 올려야 관세 상쇄""",https://mimgnews.pstatic.net/image/origin/018/2025/04/04/5979309.jpg
이제 조기대선의 시간…6월 초 '장미대선' 유력,https://mimgnews.pstatic.net/image/origin/374/2025/04/04/433459.jpg
"'탄핵보다 관세 우려' 코스피, 외인 매도에 약보합 마감…환율은 안정세",https://mimgnews.pstatic.net/image/origin/629/2025/04/04/379368.jpg
"TV·운동복·간장…""트럼프 관세 붙기 전에"" 미국서 사재기 열풍",https://mimgnews.pstatic.net/image/origin/001/2025/04/04/15312165.jpg
후판 가격 하락에 수출 감소까지…철강업계 ‘내우외환’ 가중,https://mimgnews.pstatic.net/image/origin/011/2025/04/04/4470264.jpg
"롯데쇼핑, '제타'로 이커머스 재정비…물류 판도도 바뀔까",https://mimgnews.pstatic.net/image/origin/293/2025/04/04/65766.jpg
국민연금 대체투자 200조원 돌파...국내주식 투자규모 훌쩍 넘겨,https://mimgnews.pstatic.net/image/origin/009/2025/04/04/5471000.jpg
"[제바 상장사 옥석가리기] 에스씨엠생명과학, 법차손 리스크…대안은 '신사업'",https://mimgnews.pstatic.net/image/origin/293/2025/04/04/65765.jpg
[속보] 헌재 인근 안국역 지하철 무정차 통과…오늘 오후 4시부터,https://mimgnews.pstatic.net/image/origin/654/2025/04/03/114288.jpg
"박단 ""尹 파면 진심 환영… 이젠 수습의 시간, 의료 정책 즉각 중단해야""",https://mimgnews.pstatic.net/image/origin/656/2025/04/04/127416.jpg
" 윤석열 전 대통령 변호인단 ""헌재 정치적 결정…안타깝다""[尹 탄핵인용]",https://mimgnews.pstatic.net/image/origin/119/2025/04/04/2941459.jpg
"헌재 ""경고·호소는 계엄 목적 될수 없어…실체·절차요건 위반""",https://mimgnews.pstatic.net/image/origin/001/2025/04/04/15311159.jpg
전광훈 측 “부당한 결정 인정할 수 없어…시민불복종 투쟁 전개”,https://mimgnews.pstatic.net/image/origin/009/2025/04/04/5470895.jpg
"중환자실 신생아 안고 '낙상 마렵다'…""간호사에 학대당한 환아 5명 더 있다""",https://mimgnews.pstatic.net/image/origin/082/2025/04/04/1319572.jpg
"파면된 尹 돌아갈 아크로비스타... 주민들 ""지지자들 몰려올까 걱정""",https://mimgnews.pstatic.net/image/origin/469/2025/04/04/857687.jpg
"이미선·김형두 vs 김복형·조한창, ‘형소법 적용’ 두고 보충의견 갈려",https://mimgnews.pstatic.net/image/origin/028/2025/04/04/2739326.jpg
"이승환 ""나도 살고 나라도 산 날""…JK김동욱 ""韓, 더 빨리 망할 듯""",https://mimgnews.pstatic.net/image/origin/025/2025/04/04/3431985.jpg
" 격분한 尹지지자, 곤봉으로 경찰버스 파손…현행범 체포(종합)[尹파면]",https://mimgnews.pstatic.net/image/origin/001/2025/04/04/15311090.jpg
"""국민 저항권, 지금부터 시작""…주말 총동원 예고한 보수진영",https://mimgnews.pstatic.net/image/origin/018/2025/04/04/5979340.jpg
"[속보] 선관위 ""오늘부터 대선 예비 후보자 등록 시작""",https://mimgnews.pstatic.net/image/origin/655/2025/04/04/24474.jpg
"‘끄집어내라, 싹 다 잡아들여’ 지시 안했다 주장에···헌재 “믿기 어렵다”",https://mimgnews.pstatic.net/image/origin/032/2025/04/04/3361342.jpg
"[尹파면] 김문수 ""안타깝다…아픔 이겨내고 앞으로 나가자""",https://mimgnews.pstatic.net/image/origin/001/2025/04/04/15312210.jpg
2만명 몰린 한남동 관저 '쓰레기 몸살'…집회 끝나니 '태극기 뒹굴',https://mimgnews.pstatic.net/image/origin/421/2025/04/04/8174743.jpg
"22분 만에 ‘尹 파면’ 선고 순간… 한쪽선 환호, 다른쪽은 탄식",https://mimgnews.pstatic.net/image/origin/366/2025/04/04/1066818.jpg
"의대·AI교과서 흔들?…교육부 ""개혁 차질 없이 진행하겠다""""[尹 파면]",https://mimgnews.pstatic.net/image/origin/003/2025/04/04/13165349.jpg
"오세훈도, 홍준표도, 김진태도…윤 파면에 국힘 단체장들 길어지는 ‘침묵’",https://mimgnews.pstatic.net/image/origin/028/2025/04/04/2739335.jpg
"헌재, 전원일치로 尹 탄핵사유 5가지 인용…""국가긴급권 남용""[尹 파면]",https://mimgnews.pstatic.net/image/origin/003/2025/04/04/13165345.jpg
"탄핵반대 단체들 '尹파면' 입장 양분…""헌재 존중"" vs ""국민저항권""",https://mimgnews.pstatic.net/image/origin/082/2025/04/04/1319686.jpg
"헌재, 巨野 향해서도 강한 질타…""탄핵안 재발의 제한해야""[尹탄핵인용]",https://mimgnews.pstatic.net/image/origin/421/2025/04/04/8174736.jpg
탄핵 인용 소식에 '감격'...인근 통제 해제 중,https://mimgnews.pstatic.net/image/origin/052/2025/04/04/2175645.jpg
KBS·MBC·YTN 내부 '윤석열 언론탄압 진상 규명' 한목소리,https://mimgnews.pstatic.net/image/origin/006/2025/04/04/129338.jpg
"헌재 “파면” 순간, 방청석에서 “와~” 함성·박수·눈물 뒤섞여",https://mimgnews.pstatic.net/image/origin/028/2025/04/04/2739334.jpg
아내 불륜 현장 덮친 뒤 영상 찍어 유포한 남편 '집유',https://mimgnews.pstatic.net/image/origin/003/2025/04/04/13165335.jpg
윤석열 파면이 알려준 아이유 '선결제' 의미… 아이유 팬덤 “헌법 지켜낸 문화적 혜안”,https://mimgnews.pstatic.net/image/origin/014/2025/04/04/5331485.jpg
"野에도 쓴소리 한 헌재…""대통령-국회 대립 일방책임 아냐""",https://mimgnews.pstatic.net/image/origin/018/2025/04/04/5979322.jpg
"""국민에 총구 들이댄 결과""…민주 시장들 尹 파면 '환영'",https://mimgnews.pstatic.net/image/origin/079/2025/04/04/4010398.jpg
"환호+울분 뒤섞인 안국역, 큰 사고 없었다…차단막·차벽 철수",https://mimgnews.pstatic.net/image/origin/008/2025/04/04/5176079.jpg
"전공의들 ""윤석열 탄핵 환영…모든 의료정책 이제 멈춰야""[尹 파면]",https://mimgnews.pstatic.net/image/origin/003/2025/04/04/13165327.jpg
"""안희정, 성폭행 피해자에 8300만원 배상"" 판결 확정",https://mimgnews.pstatic.net/image/origin/015/2025/04/04/5115175.jpg
'尹 탄핵' 주말 대규모 집회 예고에 서울도서관도 5~6일 휴관,https://mimgnews.pstatic.net/image/origin/421/2025/04/04/8174721.jpg
'尹 파면' 큰 혼란 없었다…집회 조기 해산에 진공상태 해제[尹탄핵인용],https://mimgnews.pstatic.net/image/origin/421/2025/04/04/8174719.jpg
"김동연, SNS 속 '저희 어무니 생선가게' 주인공 식당 찾아",https://mimgnews.pstatic.net/image/origin/629/2025/04/04/379375.jpg
"전한길, ‘윤석열 파면’ 소식에 고개 '푹'…“예상 못했다”",https://mimgnews.pstatic.net/image/origin/666/2025/04/04/69008.jpg
"법학자들 ""헌재 결정 환영…尹, 소환 불응시 강제수사 해야""",https://mimgnews.pstatic.net/image/origin/586/2025/04/04/100697.jpg
"[윤석열 파면] 홍준표, 시장직 사퇴 여부 '침묵'…""시민들 치유할 시간 필요""",https://mimgnews.pstatic.net/image/origin/629/2025/04/04/379373.jpg
3살 아들과 저수지에 빠진 30대 여성…경찰 조사,https://mimgnews.pstatic.net/image/origin/003/2025/04/04/13165320.jpg
"'尹 파면'의 순간 책상 내리친 전한길…""예상 못했지만 승복""",https://mimgnews.pstatic.net/image/origin/586/2025/04/04/100695.jpg
"""승복 못 해""...격분한 尹지지자, 곤봉 들고 경찰버스로 '돌진'",https://mimgnews.pstatic.net/image/origin/052/2025/04/04/2175637.jpg
"""화장실 급해"" 고속버스서 내리더니 감감무소식…도망가며 황당 대답",https://mimgnews.pstatic.net/image/origin/008/2025/04/04/5176070.jpg
"'신생아 학대 논란' 대구가톨릭대병원 ""머리 숙여 사과드린다""",https://mimgnews.pstatic.net/image/origin/014/2025/04/04/5331481.jpg
"[심층] ""복귀할 줄 알았는데"" ""민주주의 살아있다""···'보수의 심장'에서 뒤섞인 환호와 탄식",https://mimgnews.pstatic.net/image/origin/657/2025/04/04/36875.jpg
"대구시민들 ""정치 변화 계기 삼아야""…일부 '탄식'",https://mimgnews.pstatic.net/image/origin/422/2025/04/04/727952.jpg
"6월 수능 모의평가일 변동 가능성…당국 ""대선일 정해지면 조속히 결정""",https://mimgnews.pstatic.net/image/origin/422/2025/04/04/727951.jpg
"""계몽됐다"" 김계리, '윤석열 파면' 선고에 보인 반응",https://mimgnews.pstatic.net/image/origin/018/2025/04/04/5979311.jpg
 서울모빌리티쇼 달리는 자율주행…'시옷' 보안 보니[현장],https://mimgnews.pstatic.net/image/origin/092/2025/04/04/2369448.jpg
"尹 파면에 이승환 “한잔 하겠다, 만세”… 김규리도 ‘파·면’ 컵라면 인증",https://mimgnews.pstatic.net/image/origin/366/2025/04/04/1066797.jpg
종교계 “법의 판단 존중...대화합의 길로 가자”,https://mimgnews.pstatic.net/image/origin/009/2025/04/04/5470944.jpg
"한국의 ‘종묘제례악’, 싱가포르 축제에서 울려퍼진다",https://mimgnews.pstatic.net/image/origin/081/2025/04/04/3530773.jpg
한국작가회의 “윤석열 파면 환영…내란죄 형사적 절차 밟아야”,https://mimgnews.pstatic.net/image/origin/081/2025/04/04/3530855.jpg
오늘 서울 벚꽃 공식 개화…평년보다 나흘 일찍 찾아와,https://mimgnews.pstatic.net/image/origin/001/2025/04/04/15311788.jpg
"'좌이유' 조롱 당한 아이유, '선결제' 재조명…""헌법 지킨 문화적 혜안""",https://mimgnews.pstatic.net/image/origin/008/2025/04/04/5176048.jpg
'럭셔리' 벤츠냐 '전동화' BMW냐...치열한 1위 싸움,https://mimgnews.pstatic.net/image/origin/648/2025/04/03/35008.jpg
[특보 날씨] 서울 벚꽃 공식 개화…내일 전국에 비,https://mimgnews.pstatic.net/image/origin/056/2025/04/04/11925502.jpg
"이승환 ""민주주의 굳건""... 팬들 ""'한 끼' 연대한 예술인 응원할 것""",https://mimgnews.pstatic.net/image/origin/469/2025/04/04/857743.jpg
‘파’김치에 라‘면’…‘尹 탄핵 날’ 배우 김규리 인증샷 봤더니,https://mimgnews.pstatic.net/image/origin/016/2025/04/04/2452908.jpg
"JK김동욱, 尹 파면에 분노 …""대한민국 더 빨리 망할 것""",https://mimgnews.pstatic.net/image/origin/014/2025/04/04/5331482.jpg
"“천천히 늙는 최선의 방법”… 55세 하버드 ‘유전학’ 교수, 30대부터 실천한 습관은?",https://mimgnews.pstatic.net/image/origin/346/2025/04/04/89947.jpg
"자동차 부품업계 ""현대차·기아가 잘 나가야 모두가 성장한다""",https://mimgnews.pstatic.net/image/origin/417/2025/04/04/1068787.jpg
"尹 파면, 의정 갈등 변곡점 될까…의대생 수업 복귀 증가 추세",https://mimgnews.pstatic.net/image/origin/584/2025/04/04/31733.jpg
"""음식 먹을 때 '이 습관'만 지켜도""… 살 빠지는 데 '엄청난 효과'!?",https://mimgnews.pstatic.net/image/origin/346/2025/04/04/89946.jpg
파와 면 올리고 만세 부르고... 윤석열 파면에 영화계도 축제,https://mimgnews.pstatic.net/image/origin/047/2025/04/04/2468582.jpg
"尹 파면에 이승환 “한잔 하겠다, 만세”… 김규리도 ‘파·면’ 컵라면 인증",https://mimgnews.pstatic.net/image/origin/366/2025/04/04/1066797.jpg
"포르쉐, 대대적인 개선 품고 485마력을 내는 '신형 911 GTS' 공개",https://mimgnews.pstatic.net/image/origin/011/2025/04/04/4470246.jpg
"명품 플랫폼 발란, 법원 결정 따라 회생절차 돌입",https://mimgnews.pstatic.net/image/origin/119/2025/04/04/2941578.jpg
"불타는 지구, 속 타는 세계[정봉석의 기후환경 이야기](25)",https://mimgnews.pstatic.net/image/origin/033/2025/04/04/48597.jpg
"언론계 ""尹 파면이 시작…내란 우두머리 처벌 받아야""",https://mimgnews.pstatic.net/image/origin/079/2025/04/04/4010363.jpg
대통령 파면 후엔 콜드플레이가 온다…8년 만에 평행이론,https://mimgnews.pstatic.net/image/origin/016/2025/04/04/2452897.jpg
"'좌이유' 조롱 당한 아이유, '선결제' 재조명…""헌법 지킨 문화적 혜안""",https://mimgnews.pstatic.net/image/origin/008/2025/04/04/5176048.jpg
尹 파면에 문화계 “당연하고 기쁜데 눈물” “이제 봄이다”,https://mimgnews.pstatic.net/image/origin/025/2025/04/04/3431995.jpg
"[내일 날씨] 최대 20㎜ 봄비… ""벚꽃 구경 미루자""",https://mimgnews.pstatic.net/image/origin/417/2025/04/04/1068767.jpg
정보라 작가 “드디어 파면···평등과 연대와 안전을 대세로”[특별기고],https://mimgnews.pstatic.net/image/origin/032/2025/04/04/3361322.jpg
"서울회생법원, 명품플랫폼 '발란' 회생절차 개시 ""티메프 사태 여파로 매출 급감""",https://mimgnews.pstatic.net/image/origin/003/2025/04/04/13165070.jpg
"‘라이언 일병 구하기’, 영화 제목부터 잘못됐다고? [말록 홈즈]",https://mimgnews.pstatic.net/image/origin/009/2025/04/04/5470971.jpg
"전동킥보드 때문에...애꿎은 보행자가 큰 부상, 주로 다치는 부위는?",https://mimgnews.pstatic.net/image/origin/296/2025/04/04/88292.jpg
"""영업적자 누적""…法, 발란 회생절차 개시 결정",https://mimgnews.pstatic.net/image/origin/215/2025/04/04/1204604.jpg
‘이 약’ 장기 복용했더니…심박수 높은 뇌경색 환자 사망률 ‘뚝’,https://mimgnews.pstatic.net/image/origin/662/2025/04/04/65469.jpg
"김유철 시인 ""'파면'이란 말이 '대한독립만세'로 울려""",https://mimgnews.pstatic.net/image/origin/047/2025/04/04/2468561.jpg
[OVERSEAS TRIP] 심심한 여행지 ‘브루나이’에서 국가의 역할을 생각하다,https://mimgnews.pstatic.net/image/origin/057/2025/04/04/1879955.jpg
"법원, 명품 플랫폼 발란 회생절차 개시…""영업적자 누적""",https://mimgnews.pstatic.net/image/origin/374/2025/04/04/433427.jpg
“대형화재 잦아진 건 화석연료에 중독된 인간들 때문”,https://mimgnews.pstatic.net/image/origin/020/2025/04/04/3626057.jpg
"""아휴, 이제야 봄"" 윤석열 파면에 환호한 스타들",https://mimgnews.pstatic.net/image/origin/047/2025/04/04/2468555.jpg
"종교계 ""이젠 분열∙갈등 넘어 통합∙치유의 길로 나아가야""",https://mimgnews.pstatic.net/image/origin/025/2025/04/04/3431986.jpg
서울 벚꽃 공식 개화…평년보다 4일 빨라,https://mimgnews.pstatic.net/image/origin/422/2025/04/04/727917.jpg
종교계 “법의 판단 존중...대화합의 길로 가자”,https://mimgnews.pstatic.net/image/origin/009/2025/04/04/5470944.jpg
오늘 서울 벚꽃 공식 개화…평년보다 나흘 일찍 찾아와,https://mimgnews.pstatic.net/image/origin/374/2025/04/04/433420.jpg
“아이유 ‘탄핵 집회 선결제’는 혜안” 여연갤 성명문…팬덤 사칭 논란도,https://mimgnews.pstatic.net/image/origin/028/2025/04/04/2739299.jpg
[윤석열 파면]'내란성 스트레스' 해결… 꾹 닫힌 지갑 열리나,https://mimgnews.pstatic.net/image/origin/277/2025/04/04/5573198.jpg
[윤석열 파면] “기대에 부응하지 못해 안타깝고 죄송”…윤석열 전 대통령 입장 발표,https://mimgnews.pstatic.net/image/origin/138/2025/04/04/2194093.jpg
“지브리를 더럽히다니”…챗GPT로 변환한 AI그림에 분노한 ‘이 남자’의 정체,https://mimgnews.pstatic.net/image/origin/009/2025/04/03/5470606.jpg
"대만, 한미일 외교 '대만해협 평화' 강조에 사의 표명",https://mimgnews.pstatic.net/image/origin/003/2025/04/04/13165015.jpg
"日 언론, 尹 파면 긴급 타전…홈페이지 최상단 배치",https://mimgnews.pstatic.net/image/origin/022/2025/04/04/4024979.jpg
"머스크 결국 DOGE 떠나나... 트럼프 “떠날 시점 올 것, 아마 몇 달 후”",https://mimgnews.pstatic.net/image/origin/023/2025/04/04/3897631.jpg
"외신, 헌재 결정 긴급 타전…""한국 민주주의의 중요한 순간""",https://mimgnews.pstatic.net/image/origin/055/2025/04/04/1246370.jpg
"尹 파면에, 이시바 총리 ""어떤 정권이든 한·일 협력 중요""",https://mimgnews.pstatic.net/image/origin/025/2025/04/04/3432001.jpg
"외신, ‘尹 파면’ 긴급 타전...“전직 스타 검사의 극적인 몰락 마무리”",https://mimgnews.pstatic.net/image/origin/009/2025/04/04/5471001.jpg
"“아이폰 333만원, 누가 사겠어?”...트럼프 관세 폭격에 삼성전자 반사이익 전망도",https://mimgnews.pstatic.net/image/origin/009/2025/04/04/5470726.jpg
" 강진 미얀마, 폭우 예보에 ""전염병 우려""[이 시각 세계]",https://mimgnews.pstatic.net/image/origin/214/2025/04/04/1415939.jpg
"美 언론 ""차기 이재명 유력…미-중 사이 균형 잡힌 접근 추구""",https://mimgnews.pstatic.net/image/origin/421/2025/04/04/8174749.jpg
“민주주의 과소평가해선 안돼”…尹 파면 소식에 中 네티즌들의 반응,https://mimgnews.pstatic.net/image/origin/009/2025/04/04/5471008.jpg
"외신들 분석보니…""한국 정치, 격동의 한 장 막 내려""",https://mimgnews.pstatic.net/image/origin/018/2025/04/04/5979325.jpg
"관세 후폭풍…스텔란티스, 미국 공장서 900명 해고(종합)",https://mimgnews.pstatic.net/image/origin/001/2025/04/04/15312202.jpg
“트럼프 못 믿어”…안전자산 달러도 급락,https://mimgnews.pstatic.net/image/origin/016/2025/04/04/2452907.jpg
'트럼프 랠리' 지운 달러…“올해 10% 추가 하락할 수도”,https://mimgnews.pstatic.net/image/origin/011/2025/04/04/4470267.jpg
"벌써 관세 전쟁 역효과…공급망 혼란에 ""미국 공장 노동자 해고""",https://mimgnews.pstatic.net/image/origin/469/2025/04/04/857737.jpg
"25→26→25% 혼선만 낳은 美 상호관세…트럼프 ""반도체, 의약품 곧 관세""",https://mimgnews.pstatic.net/image/origin/011/2025/04/04/4470266.jpg
"태국 징병 검사장에 등장한 미녀들 ""이유는?""",https://mimgnews.pstatic.net/image/origin/015/2025/04/04/5115169.jpg
"""다음 유력 대통령은 이재명""…尹 파면과 차기 대선에 주목한 中 언론",https://mimgnews.pstatic.net/image/origin/011/2025/04/04/4470262.jpg
"트럼프·밴스, 佛극우 르펜 또 지원사격…""마녀사냥 당했다""",https://mimgnews.pstatic.net/image/origin/001/2025/04/04/15312150.jpg
"尹파면, 숙제 하나 풀었지만…정상 외교 복원 첩첩산중",https://mimgnews.pstatic.net/image/origin/011/2025/04/04/4470261.jpg
"서방 언론 ""尹 파면, 한국 민주주의 중요 순간""…극한 대치도 실시간 타전",https://mimgnews.pstatic.net/image/origin/448/2025/04/04/518469.jpg
"尹 파면에 아쉬운 日? NHK ""尹, 징용문제 해법 제시했는데…""",https://mimgnews.pstatic.net/image/origin/002/2025/04/04/2381852.jpg
트럼프 “머스크 결국 떠날 시점 올 것”… 이르면 내달 테슬라 복귀 전망,https://mimgnews.pstatic.net/image/origin/020/2025/04/04/3626072.jpg
中 업종 단체 '美 관세폭탄·소액소포 면세폐지'에 일제히 반발,https://mimgnews.pstatic.net/image/origin/001/2025/04/04/15312117.jpg
"사법 쿠데타, 부정선거론…형제국가 터키와 한국의 닮은꼴[가깝고도 먼 아세안](49)",https://mimgnews.pstatic.net/image/origin/033/2025/04/04/48595.jpg
"美방산업계도 관세에 '날벼락'…""동맹국과 무기 공동생산 차질""",https://mimgnews.pstatic.net/image/origin/001/2025/04/04/15312073.jpg
"탄핵심판 실시간으로 본 재외동포들 ""대한민국 국민은 위대""",https://mimgnews.pstatic.net/image/origin/047/2025/04/04/2468577.jpg
"애플, 중국산 54% 관세에 불똥…“아이폰16프로맥스 330만원 될 수도”",https://mimgnews.pstatic.net/image/origin/028/2025/04/04/2739318.jpg
"트럼프 관세 폭격에 놀란 중국, 해외 생산기지 확장 전략 재검토",https://mimgnews.pstatic.net/image/origin/023/2025/04/04/3897648.jpg
"""역시 버핏""…트럼트발 공포의 장 비껴간 투자전략 뭐길래",https://mimgnews.pstatic.net/image/origin/003/2025/04/04/13165098.jpg
“돈은 많지만 불안하다” 카타르의 생존 방정식 [파일럿 Johan의 아라비안나이트],https://mimgnews.pstatic.net/image/origin/009/2025/04/04/5470972.jpg
"[윤 대통령 파면] 외신, 2번째 대통령 파면 긴급 보도...'韓 혼란 끝나지 않아'",https://mimgnews.pstatic.net/image/origin/014/2025/04/04/5331446.jpg
‘관세전쟁’ 저울질 끝낸 EU… 엑스에 1조4000억원 벌금 부과 방안 검토,https://mimgnews.pstatic.net/image/origin/022/2025/04/04/4025065.jpg
"""계산법 지나치게 단순…적자 해소에 도움 안 돼""[트럼프 관세]",https://mimgnews.pstatic.net/image/origin/003/2025/04/04/13165017.jpg
"폭락장에도 트럼프는 '행복회로'…채권왕 ""떨어지는 칼날 잡지 말라""",https://mimgnews.pstatic.net/image/origin/008/2025/04/04/5176034.jpg
"한중일 철강 공세에 뿔난 인도…""이젠 우리 것만 쓴다""",https://mimgnews.pstatic.net/image/origin/015/2025/04/04/5115137.jpg
"""트럼프와 소통 어려웠던 한국…불복시위 등이 혼란 수습 변수""",https://mimgnews.pstatic.net/image/origin/008/2025/04/04/5176008.jpg
"머스크 결국 DOGE 떠나나... 트럼프 “떠날 시점 올 것, 아마 몇 달 후”",https://mimgnews.pstatic.net/image/origin/023/2025/04/04/3897631.jpg
"‘관세 충격’ 동남아, 시행 전 미국에 “보류 요청” 협상 서둘러",https://mimgnews.pstatic.net/image/origin/056/2025/04/04/11925435.jpg
"""전 세계에서 가장 뒤끝 안 좋은 직업이 韓 대통령""…中 서도 탄핵 선고 관심[윤석열 파면]",https://mimgnews.pstatic.net/image/origin/277/2025/04/04/5573193.jpg
"中매체들, 尹 파면 실시간 타전…검색어 1위도",https://mimgnews.pstatic.net/image/origin/079/2025/04/04/4010299.jpg
日 “솔직히 美에 보복관세 어렵다”,https://mimgnews.pstatic.net/image/origin/023/2025/04/04/3897627.jpg
"중국 SNS 검색 1위 ""한국인들 축하한다""",https://mimgnews.pstatic.net/image/origin/214/2025/04/04/1416069.jpg
트럼프 '관세 충격'...금융시장 '변동성 확대' 신호탄되나,https://mimgnews.pstatic.net/image/origin/123/2025/04/04/2356329.jpg
‘P의거짓’ ‘스텔라 블레이드’보다 빨랐다… 크래프톤 ‘인조이’ 1주일 만에 100만장 판매,https://mimgnews.pstatic.net/image/origin/005/2025/04/04/1767761.jpg
SKT 유영상 “돈버는 AI 성과 본격화”…AI 성과 가시화 재차 강조,https://mimgnews.pstatic.net/image/origin/138/2025/04/04/2194078.jpg
"초소형 위성체계 검증용 비행모델, 내년 후반기 발사",https://mimgnews.pstatic.net/image/origin/001/2025/04/04/15311951.jpg
"""뉴스 동접자 18배 증가""…尹 파면 헌재 선고에 웨이브 폭증",https://mimgnews.pstatic.net/image/origin/029/2025/04/04/2945973.jpg
"자율주행부터 메타버스까지…롯데이노베이트, 미래 모빌리티 기술 선보여[르포]",https://mimgnews.pstatic.net/image/origin/030/2025/04/03/3300077.jpg
"""윤석열을 파면한다"" 직후 카카오톡 채팅 순간 먹통",https://mimgnews.pstatic.net/image/origin/469/2025/04/04/857704.jpg
"尹대통령 운명의 날…""통신·인터넷 대란 막아라"" ICT 총력전",https://mimgnews.pstatic.net/image/origin/008/2025/04/04/5175691.jpg
제2회 미래국방 전략포럼 개최…양자기술 민군협력 논의,https://mimgnews.pstatic.net/image/origin/001/2025/04/04/15311803.jpg
탄핵 선고된 11시22분…카톡도 멈췄다,https://mimgnews.pstatic.net/image/origin/648/2025/04/04/35051.jpg
"네이버, '라인 사태' 장기화 속 일본에 '일부 개인정보' 위탁 지속",https://mimgnews.pstatic.net/image/origin/293/2025/04/04/65767.jpg
상호관세 다음은 반도체 관세…SK하이닉스 주가 6% 급락(종합),https://mimgnews.pstatic.net/image/origin/001/2025/04/04/15312184.jpg
"K-디스플레이, 美 관세폭탄에 긴장...""선제 대응 나서야""",https://mimgnews.pstatic.net/image/origin/092/2025/04/04/2369466.jpg
"""330만원 폰 파느니"" 관세 폭탄 애플·삼성…생산기지 인도로 옮기나",https://mimgnews.pstatic.net/image/origin/421/2025/04/04/8174629.jpg
'尹 파면' 소비심리 회복될까…유통가 전망 ‘깜깜’,https://mimgnews.pstatic.net/image/origin/092/2025/04/04/2369452.jpg
[윤석열 파면] 국가 전략산업으로 키우겠다더니…보안정책 안갯속,https://mimgnews.pstatic.net/image/origin/138/2025/04/04/2194100.jpg
[르포] 만전 기했는데… 탄핵 환호 열기에 카톡도 멈췄다,https://mimgnews.pstatic.net/image/origin/417/2025/04/04/1068765.jpg
[윤 대통령 파면]순식간에 트래픽 폭주...통신 마비 없었다,https://mimgnews.pstatic.net/image/origin/014/2025/04/04/5331449.jpg
"""국가적 모욕"" vs ""이제 봄""...尹 파면에 인플루언서 말·말·말",https://mimgnews.pstatic.net/image/origin/092/2025/04/04/2369451.jpg
"“대통령 윤석열을 파면한다”...선고 직후 트래픽 폭증, 카톡 8분간 멈췄다",https://mimgnews.pstatic.net/image/origin/009/2025/04/04/5470962.jpg
윤석열 '전 대통령'·김건희 '전 영부인'…포털 표기 바꿨다,https://mimgnews.pstatic.net/image/origin/015/2025/04/04/5115144.jpg
"탄핵날, 정말로 찾아온 봄…서울 벚꽃 활짝 피었다",https://mimgnews.pstatic.net/image/origin/028/2025/04/04/2739313.jpg
"트럼프發 관세 후폭풍…""아이폰 333만원 될 수도""",https://mimgnews.pstatic.net/image/origin/031/2025/04/04/922011.jpg
"300만원대 아이폰? 애플, 트럼프發 고관세 직격탄",https://mimgnews.pstatic.net/image/origin/018/2025/04/04/5979254.jpg
"尹 파면…외신들 ""韓, 급한 불 껐지만 과제 산더미""",https://mimgnews.pstatic.net/image/origin/092/2025/04/04/2369444.jpg
'중국의 네이버' 바이두 실검 1위 '윤석열 파면',https://mimgnews.pstatic.net/image/origin/092/2025/04/04/2369443.jpg
"트럼프발 상호관세, 국내 클라우드 업계도 타격 불가피",https://mimgnews.pstatic.net/image/origin/092/2025/04/04/2369441.jpg
"""합성생물학 국내기술 60~80% 수준…대부분 커리큘럼 빈약""",https://mimgnews.pstatic.net/image/origin/092/2025/04/04/2369440.jpg
"""윤석열을 파면한다"" 직후 카카오톡 채팅 순간 먹통",https://mimgnews.pstatic.net/image/origin/469/2025/04/04/857704.jpg
"[비즈톡톡] 삼성도 뛰어든 ‘중고폰’ 시장, 1000만 시대 곧 도래... 단말기·고가요금제 결합 유도하는 통신사에는 악영향",https://mimgnews.pstatic.net/image/origin/366/2025/04/04/1066752.jpg
'尹 파면'에 검색량 1000% 증가⋯트래픽 폭증에 카카오톡 일시적 지연(종합2),https://mimgnews.pstatic.net/image/origin/031/2025/04/04/921997.jpg
일주일에 2번만 운동해도 암 위험 확 줄어든다 [사이언스 브런치],https://mimgnews.pstatic.net/image/origin/081/2025/04/04/3530900.jpg
"구글 딥마인드 ""챗GPT는 아직 애기 수준""…왜?",https://mimgnews.pstatic.net/image/origin/092/2025/04/04/2369435.jpg
"네이버·다음, 인물정보 긴급 수정…윤석열 전 대통령 [尹파면]",https://mimgnews.pstatic.net/image/origin/003/2025/04/04/13164767.jpg
尹 파면에 또 다시 조기대선...6월3일 유력,https://mimgnews.pstatic.net/image/origin/092/2025/04/04/2369432.jpg
"""윤석열이 파면됐다""...충격·안도·여운 감돈 서울역",https://mimgnews.pstatic.net/image/origin/092/2025/04/04/2369431.jpg
"윤석열 파면…8인의 헌법재판관, 어떤 사람들인가",https://mimgnews.pstatic.net/image/origin/092/2025/04/04/2369430.jpg
인텔 CPU '제온6P-코어' 전작 대비 성능 1.9배 향상,https://mimgnews.pstatic.net/image/origin/031/2025/04/04/921984.jpg
尹 파면 선고 직후 '윤석열' 검색량 1000% 폭증…카톡 지연도,https://mimgnews.pstatic.net/image/origin/015/2025/04/04/5115109.jpg
"관세 공포에 AI 버블 터지나…사업 지연, 투자 중단 등 타격 가시화",https://mimgnews.pstatic.net/image/origin/011/2025/04/04/4470164.jpg
재계 “경제살리기 매진할 때…규제·관세 리스크 해소 희망” [헌재 尹대통령 전원일치 파면],https://mimgnews.pstatic.net/image/origin/016/2025/04/04/2452816.jpg
[윤석열 파면] SW업계 “정치적 불확실성 해소... 투자·사업 재개 기대”,https://mimgnews.pstatic.net/image/origin/138/2025/04/04/2194089.jpg
"김수현 '넉오프' 보류한 디즈니+, '재혼황후'로 텐트폴 채울까",https://mimgnews.pstatic.net/image/origin/138/2025/04/04/2194086.jpg
"[윤석열 파면] ""카톡 또 안 돼요""…카카오톡, 선고 순간 또 멈췄다",https://mimgnews.pstatic.net/image/origin/629/2025/04/04/379237.jpg
"스마트폰 제조업계, 美 관세폭탄 ‘날벼락’",https://mimgnews.pstatic.net/image/origin/016/2025/04/04/2452780.jpg
