뉴스 제목,이미지 링크
“심우정 딸 취업에 외교비서관실 출신 외교부 국장 개입” 민주 한정애 주장,https://mimgnews.pstatic.net/image/origin/021/2025/04/03/2700733.jpg
尹탄핵 인용 57%-기각 35%…“내 생각과 다르면 수용하지 않겠다” 44% [NBS],https://mimgnews.pstatic.net/image/origin/020/2025/04/03/3625805.jpg
民 소득세 기본공제 150만→180만원 상향 추진…16년만 개편,https://mimgnews.pstatic.net/image/origin/088/2025/04/03/939904.jpg
與 잠룡 안철수 “조기 대선 시 나만 이재명 이길 수 있어”,https://mimgnews.pstatic.net/image/origin/022/2025/04/03/4024697.jpg
"韓대행 ""자동차 긴급 지원책 내주 발표…정치권 협조 절실""",https://mimgnews.pstatic.net/image/origin/277/2025/04/03/5572602.jpg
역대급 ‘산불’에 당정 “임시주택·긴급지원 추진”… 지자체는 특별법 요구,https://mimgnews.pstatic.net/image/origin/082/2025/04/03/1319481.jpg
재보선 ‘패배’ 아니라는 국힘…“민심 바로미터라는 분석 동의 안 해”,https://mimgnews.pstatic.net/image/origin/032/2025/04/03/3360941.jpg
"[속보] 국방부 ""尹 복귀해 2차 계엄 요구해도 수용 안할 것""",https://mimgnews.pstatic.net/image/origin/658/2025/04/03/102667.jpg
"이재명 ""4·2 재보선 민심 받들 것…담양 패배, 더욱 무겁게 받아들여""",https://mimgnews.pstatic.net/image/origin/421/2025/04/03/8170911.jpg
"한덕수, 4·3 추모식 참석…""국민 통합 매우 절실""",https://mimgnews.pstatic.net/image/origin/448/2025/04/03/518077.jpg
‘인용 불가’ vs ‘기각 불복’…다른 듯 닮은 친명·친윤,https://mimgnews.pstatic.net/image/origin/018/2025/04/03/5978004.jpg
'호남 일당' 체제 허물어졌다…지방선거 앞둔 민주당 속내는 '복잡',https://mimgnews.pstatic.net/image/origin/015/2025/04/03/5114726.jpg
李 뛰고도 904표차로 담양군수 놓친 민주…호남 민심 경계령,https://mimgnews.pstatic.net/image/origin/025/2025/04/03/3431748.jpg
"총력전 펼친 양측 대리인단, 尹 선고 하루 앞두고 서로 ""우리가 이긴다""",https://mimgnews.pstatic.net/image/origin/088/2025/04/03/939955.jpg
"尹, 관저서 TV로 탄핵심판 지켜볼 듯",https://mimgnews.pstatic.net/image/origin/448/2025/04/03/518205.jpg
"""정청래 팀킬이냐""…'폭력적일 것 같은 정치인 1위 이재명' SNS 공유 논란",https://mimgnews.pstatic.net/image/origin/119/2025/04/03/2941205.jpg
"이재명 '1만 명 학살' 발언에 尹측 ""허위 사실로 극단적 선동""",https://mimgnews.pstatic.net/image/origin/469/2025/04/03/857507.jpg
"트럼프 측근 플라이츠 ""차기 지도자 누가되든 한미관계 탄탄""(종합)",https://mimgnews.pstatic.net/image/origin/001/2025/04/03/15309680.jpg
尹 탄핵열차 종착역으로…'포스트 탄핵' 정국 열린다,https://mimgnews.pstatic.net/image/origin/656/2025/04/03/127291.jpg
"여야, 尹선고 하루 앞두고 '8대 0 인용' vs '기각·각하' 여론전",https://mimgnews.pstatic.net/image/origin/656/2025/04/03/127290.jpg
"이재명, 尹선고 하루전 “계엄때 국민 1만명 학살계획 있었다”",https://mimgnews.pstatic.net/image/origin/020/2025/04/03/3625820.jpg
"""한 손엔 촛불, 한 손엔 깃발… 우리는 길 위에 서 있었다""",https://mimgnews.pstatic.net/image/origin/047/2025/04/03/2468426.jpg
"與지도부, 尹선고 생중계 시청…의원 20여명은 방청(종합2보)",https://mimgnews.pstatic.net/image/origin/421/2025/04/03/8172086.jpg
이재명 무죄 후 안 보이는 '비명'…'추대 방식'은 독 '레드팀' 역할론,https://mimgnews.pstatic.net/image/origin/421/2025/04/03/8172085.jpg
"선고 직전 與, “尹 복귀해도 개헌 나설 것”…인용 시나리오엔 침묵",https://mimgnews.pstatic.net/image/origin/025/2025/04/03/3431743.jpg
"""이재명 이성잃어, 극단적 선동선전 나서"" 尹측, 李 주장 일축",https://mimgnews.pstatic.net/image/origin/014/2025/04/03/5330987.jpg
"""정혜경 의원에 대한 경찰의 과잉 진압... 책임자 처벌해야""",https://mimgnews.pstatic.net/image/origin/047/2025/04/03/2468423.jpg
"[종합] 尹, 탄핵 선고 불출석…경찰, 당일 '갑호비상'",https://mimgnews.pstatic.net/image/origin/031/2025/04/03/921726.jpg
"국회 속기록 박제된 총리·장관의 '위헌 계엄' 증언, 파면 증거 될까",https://mimgnews.pstatic.net/image/origin/047/2025/04/03/2468422.jpg
"고민정 ""재보선 野 승리는 '尹 탄핵' 바로미터… 헌재 만장일치 200% 믿어""",https://mimgnews.pstatic.net/image/origin/469/2025/04/03/857500.jpg
"국민의힘 4·2 재·보선 참패…""선거 결과 무겁게 받아들인다""",https://mimgnews.pstatic.net/image/origin/088/2025/04/03/939945.jpg
"尹, 관저서 TV로 탄핵심판 지켜볼 듯…대통령실, 긴장 속 주시",https://mimgnews.pstatic.net/image/origin/001/2025/04/03/15309626.jpg
"'계엄, 1만명 학살 계획' 이재명 주장에 尹측 ""이성 잃은 듯, 경악""",https://mimgnews.pstatic.net/image/origin/088/2025/04/03/939940.jpg
'마은혁 임명 거부' 최상목 탄핵 표결…尹파면 따라 유동적,https://mimgnews.pstatic.net/image/origin/421/2025/04/03/8172036.jpg
"트럼프 흥정판 들어온 韓...""정상급 '패키지 딜'로 대응책 마련해야""",https://mimgnews.pstatic.net/image/origin/025/2025/04/03/3431734.jpg
"국민의힘 ""이재명, 가짜뉴스 막말 쏟아내… 무책임한 망발""",https://mimgnews.pstatic.net/image/origin/417/2025/04/03/1068474.jpg
박충권 '공산주의자' 발언에 민주당 부글부글…윤리위 제소키로,https://mimgnews.pstatic.net/image/origin/015/2025/04/03/5114699.jpg
"“불출마하면 경제특보 보장”…홍남표 창원시장, 당선무효 확정 [세상&]",https://mimgnews.pstatic.net/image/origin/016/2025/04/03/2452374.jpg
"외교1차관 ""심우정 딸, 블라인드 채용…특혜 주어질 상황 아냐""",https://mimgnews.pstatic.net/image/origin/055/2025/04/03/1246031.jpg
"""피해자에 승복 요구?"" 헌재 尹 탄핵심판 임박인데…민주당 '불복' 기류 여전",https://mimgnews.pstatic.net/image/origin/119/2025/04/03/2941188.jpg
[속보]‘尹 대통령직 복귀 반대’ 60.2%…영남서도 절반이 ‘반대’,https://mimgnews.pstatic.net/image/origin/021/2025/04/03/2700748.jpg
끝내 승복 메시지 안 내는 윤석열·이재명,https://mimgnews.pstatic.net/image/origin/029/2025/04/03/2945830.jpg
"與, PK 다 내준 충격적 참패… 탄핵 반대 여론에만 기댔다",https://mimgnews.pstatic.net/image/origin/469/2025/04/03/857487.jpg
잔칫집 민주당에 '찬물'끼얹은 담양의 경고[송종호의 여쏙야쏙],https://mimgnews.pstatic.net/image/origin/011/2025/04/03/4469738.jpg
"국회 긴급 현안질문…여 ""이재명 재판 신속 선고"" 야 ""최상목 수사""",https://mimgnews.pstatic.net/image/origin/003/2025/04/03/13162685.jpg
"외교차관 ""심우정 딸, 블라인드 채용…특혜 주어질 상황 아냐""",https://mimgnews.pstatic.net/image/origin/001/2025/04/03/15309558.jpg
서울 아파트 매매가 상승세 유지…토허제 확대에 상승 폭 '주춤',https://mimgnews.pstatic.net/image/origin/055/2025/04/03/1245987.jpg
신한투자증권도 회계 오류…영업수익 4500억 부풀려져,https://mimgnews.pstatic.net/image/origin/648/2025/04/03/35009.jpg
"최화정·한예슬의 ‘잇템’ 성수에 모였다…CJ온스타일, 첫 컴온스타일 팝업",https://mimgnews.pstatic.net/image/origin/016/2025/04/03/2452376.jpg
"中 54%·베트남 46%…생산기지 덮친 美 관세 ""공급망 재편 비상""",https://mimgnews.pstatic.net/image/origin/421/2025/04/03/8171986.jpg
"HD현대건설기계, 中창저우 공장 생산중단…옌타이 공장으로 통합",https://mimgnews.pstatic.net/image/origin/001/2025/04/03/15309440.jpg
"尹 탄핵심판 선고일, 헌재 주변 은행 ‘임시 휴업’",https://mimgnews.pstatic.net/image/origin/366/2025/04/03/1066470.jpg
"HUG, 6월부터 전세안심대출 보증 시 상환능력 따진다",https://mimgnews.pstatic.net/image/origin/421/2025/04/03/8170461.jpg
'26% 관세 폭격' 맞은 韓…관세율 협상·피해기업 지원 투트랙 대응,https://mimgnews.pstatic.net/image/origin/421/2025/04/03/8172037.jpg
"송호성 기아 CEO ""북미서 친환경 '중형 픽업' 판매 생각""[2025 서울모빌리티쇼]",https://mimgnews.pstatic.net/image/origin/293/2025/04/03/65680.jpg
"코스피, 美 관세쇼크에 뒷심으로 낙폭 회복해 2480선 마감···자동차株는 ‘주르륵’ [투자360]",https://mimgnews.pstatic.net/image/origin/016/2025/04/03/2452369.jpg
"'담도암 신약 임상' 갑론을박에도… 에이비엘바이오 ""내년 美승인""",https://mimgnews.pstatic.net/image/origin/011/2025/04/03/4469764.jpg
"“엔진을 바꿨다. 말없이”.. 제주항공, 조용한 정비 너머의 ‘신뢰 한 수’",https://mimgnews.pstatic.net/image/origin/661/2025/04/03/53005.jpg
중국·유럽으로…트럼프 떠난 자금 대이동,https://mimgnews.pstatic.net/image/origin/215/2025/04/03/1204491.jpg
"""한국, 이대로면 중국에 밀려 죽는다""…최태원의 '경고'",https://mimgnews.pstatic.net/image/origin/015/2025/04/03/5114733.jpg
“예상 보다 더 나빠”…트럼프 상호관세 발표에 시장 출렁,https://mimgnews.pstatic.net/image/origin/018/2025/04/03/5978013.jpg
[매부리 라운지] 이 와중에 … 부채비율 18% 건설사 있네,https://mimgnews.pstatic.net/image/origin/009/2025/04/03/5470457.jpg
국평이 23억 … 강남·서초 초고가 전세는 '활활',https://mimgnews.pstatic.net/image/origin/009/2025/04/03/5470453.jpg
185개국 무차별 관세…아시아 증시 충격파,https://mimgnews.pstatic.net/image/origin/215/2025/04/03/1204489.jpg
"[트럼프 관세 태풍] 한 숨 돌린 반도체·배터리 ""안심하긴 이르다""",https://mimgnews.pstatic.net/image/origin/088/2025/04/03/939960.jpg
"트럼프 관세 충격에 2500선 아래로…코스피 더 빠질까, 버틸까",https://mimgnews.pstatic.net/image/origin/025/2025/04/03/3431750.jpg
"상호관세 빠진 '자동차·철강'...업계 ""최악은 피했다""",https://mimgnews.pstatic.net/image/origin/025/2025/04/03/3431749.jpg
미 관세 폭탄에 파랗게 질린 아시아 증시,https://mimgnews.pstatic.net/image/origin/015/2025/04/03/5114729.jpg
"트럼프, 베트남에 46% 관세폭탄…한국 기업 1만개 우려 커",https://mimgnews.pstatic.net/image/origin/031/2025/04/03/921740.jpg
[서울데이터랩]거래량 5천8백만주 형지I&C 주가는 4.57% 상승,https://mimgnews.pstatic.net/image/origin/081/2025/04/03/3530594.jpg
"동화일렉트로, 美 기업에 3500억 규모 전해액 공급",https://mimgnews.pstatic.net/image/origin/009/2025/04/03/5470428.jpg
"진격의 K뷰티…화장품 ODM 비앤비코리아, IPO 시동 [시그널]",https://mimgnews.pstatic.net/image/origin/011/2025/04/03/4469754.jpg
"""AI도 구독이 대세 … 15조 시장 선점할 것""",https://mimgnews.pstatic.net/image/origin/009/2025/04/03/5470427.jpg
'매운맛' 관세에 불닭도 비상…미국서 잘나가던 'K푸드·뷰티' 어쩌나,https://mimgnews.pstatic.net/image/origin/008/2025/04/03/5175533.jpg
토스 이승건의 포부…올해 1000명 채용,https://mimgnews.pstatic.net/image/origin/011/2025/04/03/4469752.jpg
[속보] 윤 대통령 복귀 반대 60.2%...이재명 사법리스크 해소 50.2%,https://mimgnews.pstatic.net/image/origin/243/2025/04/03/75709.jpg
'尹 탄핵 선고 D-1' 이재명 테마주 소프트캠프·상지건설 상한가 직행(종합),https://mimgnews.pstatic.net/image/origin/003/2025/04/03/13162758.jpg
상호관세 제외됐지만 삼성전자·SK하이닉스 약 2% 하락(종합)[핫스탁],https://mimgnews.pstatic.net/image/origin/003/2025/04/03/13162754.jpg
듬성듬성 비어있는 매대…일부 직원은 다른마트로 파견도,https://mimgnews.pstatic.net/image/origin/020/2025/04/03/3625819.jpg
예상보다 ‘매운 맛’ 관세에 금융시장 휘청···반도체·의약품 면제에 코스피 ‘선방’,https://mimgnews.pstatic.net/image/origin/032/2025/04/03/3361045.jpg
[산업 막전막후] '오너 3세' 시대 연 한화…지분매입·유상증자 논란은 '진행형',https://mimgnews.pstatic.net/image/origin/374/2025/04/03/433169.jpg
"""흉 지면 어떡해?"" 전기 밴드 딱 붙였더니…한국인들이 해냈다",https://mimgnews.pstatic.net/image/origin/008/2025/04/03/5175527.jpg
"“아직도 광고랑 다르잖아”…한국어 애플 인텔리전스에도 뿔난 소비자, 왜?",https://mimgnews.pstatic.net/image/origin/009/2025/04/03/5470417.jpg
최태원 “제조업 경쟁력 올리지 않으면 中 쫓아가다 죽을 수 있다”,https://mimgnews.pstatic.net/image/origin/025/2025/04/03/3431742.jpg
"[르포] HD현대, 스마트 굴착기·엔진 앞세워 '건설기계 빅5' 도전장",https://mimgnews.pstatic.net/image/origin/014/2025/04/03/5330986.jpg
수소차부터 자율주행까지 총 집합…서울모빌리티쇼 4일 개막,https://mimgnews.pstatic.net/image/origin/025/2025/04/03/3431741.jpg
"얼굴 달라진 현대차 신형 넥쏘, ccNC로 편의성 강화 [카미경]",https://mimgnews.pstatic.net/image/origin/293/2025/04/03/65717.jpg
"인도, 또 한국 무기 구입한다…한화에어로 K9 3700억원 수주",https://mimgnews.pstatic.net/image/origin/015/2025/04/03/5114720.jpg
“승진 피하고 ‘만년 사원’ 하고 싶어요”...늘어나는 ‘오피스 피터팬’,https://mimgnews.pstatic.net/image/origin/023/2025/04/03/3897420.jpg
"올해 은퇴 목표인 TDF2025, 장기 수익률 1위는?",https://mimgnews.pstatic.net/image/origin/008/2025/04/03/5175518.jpg
“비만은 ‘당신의 정체성’ 아닌 ‘질병’”...패션업계 뚱뚱한 모델에서 유턴,https://mimgnews.pstatic.net/image/origin/023/2025/04/03/3897418.jpg
도대체 어디까지... 펭귄만 사는 무인도에도 관세 때린 트럼프,https://mimgnews.pstatic.net/image/origin/024/2025/04/03/96102.jpg
"산불진화대원 ""교육도 없이 현장 투입""…근무 조건 개선 호소",https://mimgnews.pstatic.net/image/origin/421/2025/04/03/8171012.jpg
"서울교통公, 오후 4시부터 안국역 무정차통과…출입구 통제",https://mimgnews.pstatic.net/image/origin/018/2025/04/03/5977915.jpg
"""세대별 맞춤 교육""…광주시, 평생교육 활성화 지원 선정",https://mimgnews.pstatic.net/image/origin/003/2025/04/03/13161537.jpg
"대법, 도이치모터스 주가조작 사건 상고 기각...권오수 징역 3년·집유 4년 등 확정",https://mimgnews.pstatic.net/image/origin/366/2025/04/03/1066334.jpg
"'신동호 EBS사장 임명' 집행정지 가처분…""2인 체제 위법"" VS ""적법""",https://mimgnews.pstatic.net/image/origin/421/2025/04/03/8170950.jpg
반려동물 동반 허용 음식점 늘었지만…조리장 개방·환기 미흡,https://mimgnews.pstatic.net/image/origin/055/2025/04/03/1245973.jpg
"""美 FBI 정보로 마약 적발""…강릉 옥계항 벌크선서 코카인 추정 물질 발견",https://mimgnews.pstatic.net/image/origin/003/2025/04/02/13160002.jpg
"의협 ""학생 제적 현실화...여러 투쟁방식 논의중""",이미지 없음
"뉴진스 전속계약 분쟁 첫 재판…어도어 ""합의 희망"" vs 뉴진스 측 ""그럴 상황 아냐""",https://mimgnews.pstatic.net/image/origin/008/2025/04/03/5175314.jpg
"검찰, '경비함정 비리 의혹' 전 해경청장 구속 기소",이미지 없음
한라산서 4톤 자연석 캐내다 떨구고 달아난 70대 징역 2년,https://mimgnews.pstatic.net/image/origin/469/2025/04/03/857513.jpg
'묻지마 살인' 박대성에 항소심도 다시 사형 구형…1심은 무기징역,https://mimgnews.pstatic.net/image/origin/082/2025/04/03/1319505.jpg
4일 탄핵 선고로 서울 시내 주요 도로 통제…버스 우회 운행,https://mimgnews.pstatic.net/image/origin/023/2025/04/03/3897428.jpg
"선고 D-1…경찰청장 대행 ""시민 안전 위해 최선 다할 것""[尹탄핵심판]",https://mimgnews.pstatic.net/image/origin/421/2025/04/03/8172141.jpg
"BTS 진, 안동 백종원 급식소 찾았다…산불 이재민 등에 봉사",https://mimgnews.pstatic.net/image/origin/015/2025/04/03/5114730.jpg
"""박단은 책임지지 않는 장수... 병사에게 목 내놓으라 해""",https://mimgnews.pstatic.net/image/origin/053/2025/04/03/49021.jpg
민주노총 “尹 탄핵 기각되면 7일부터 총파업”,https://mimgnews.pstatic.net/image/origin/011/2025/04/03/4469758.jpg
"탄핵심판 선고 D-1…노동자도, 장애인도, 페미니스트도 ""8대 0 파면!""",https://mimgnews.pstatic.net/image/origin/002/2025/04/03/2381649.jpg
"2500만원 들고온 새벽 손님…편의점 다녀간 후 검거, 왜",https://mimgnews.pstatic.net/image/origin/055/2025/04/03/1246041.jpg
"[탄핵 선고 D-1] 헌재, 결정문 작성 막바지…방청 경쟁률 4818:1 '역대 최고'",https://mimgnews.pstatic.net/image/origin/629/2025/04/03/379003.jpg
전국 기초자치단체 중 ‘대학’ 가장 많은 곳은? [지금 우리 동네는],https://mimgnews.pstatic.net/image/origin/022/2025/04/03/4024742.jpg
헌재 철통보안 속 결정문 최종 손질,https://mimgnews.pstatic.net/image/origin/011/2025/04/03/4469757.jpg
대변 묻은 기저귀로 어린이집교사 때린 40대 법정서 선처 호소,https://mimgnews.pstatic.net/image/origin/001/2025/04/03/15309698.jpg
尹선고 방청 신청 9만6370명으로 마감…경쟁률 4818.5 대 1 '신기록'(종합2보),https://mimgnews.pstatic.net/image/origin/421/2025/04/03/8172130.jpg
"라몬 파체코 파르도 교수 ""다양한 목소리는 민주주의 증거…한국, 계속 전진할 것""",https://mimgnews.pstatic.net/image/origin/011/2025/04/03/4469756.jpg
"지압 마사지 받다 의식 잃은 60대 숨져…경찰, 국과수 부검 의뢰",https://mimgnews.pstatic.net/image/origin/082/2025/04/03/1319503.jpg
“간호사에 학대당한 중환자실 신생아 5명 더 있다”…대구경찰청 수사,https://mimgnews.pstatic.net/image/origin/016/2025/04/03/2452394.jpg
윤석열 부부가 돌아온다?... 아크로비스타는 지금,https://mimgnews.pstatic.net/image/origin/047/2025/04/03/2468428.jpg
민노총 “탄핵 기각땐 총파업... 공장 멈추고 거리 나와 싸우자”,https://mimgnews.pstatic.net/image/origin/023/2025/04/03/3897425.jpg
부산 초중고에 ‘탄핵심판 생중계 시청 안내’ 공문,https://mimgnews.pstatic.net/image/origin/023/2025/04/03/3897424.jpg
코카인 추정 2톤 밀반입 적발…사상 최대 규모,https://mimgnews.pstatic.net/image/origin/056/2025/04/03/11924643.jpg
"광주 광산구의회 ""군 공항 이전 없는 탄약고 이전 반대""",https://mimgnews.pstatic.net/image/origin/001/2025/04/03/15309685.jpg
탄핵 선고 ‘디데이’에 뭐 하세요?···“출퇴근 얼마나 밀리려나” “역사적인 날 친구와 함께”,https://mimgnews.pstatic.net/image/origin/032/2025/04/03/3361048.jpg
돼지저금통 2개와 현금 100만원 들고…이른 아침 의성군청 찾은 할머니 '뭉클',https://mimgnews.pstatic.net/image/origin/011/2025/04/03/4469753.jpg
'이천 골프장 사망사고' 골퍼·캐디 재판행,https://mimgnews.pstatic.net/image/origin/421/2025/04/03/8172112.jpg
병역 검사자 여비 1천700만원어치 빼돌린 병무청 직원 집행유예,https://mimgnews.pstatic.net/image/origin/001/2025/04/03/15309679.jpg
"원주시 전 비서실장 '업체 특혜 관여' 혐의…檢 ""경찰 수사 보강해야""",https://mimgnews.pstatic.net/image/origin/421/2025/04/03/8172110.jpg
미성년 여친 ‘가스라이팅’·폭행·자해 강요…20대男에게 ‘중형’ 선고,https://mimgnews.pstatic.net/image/origin/016/2025/04/03/2452392.jpg
"부산서 아버지 살해한 30대, 알고 보니 작년에 친형도 살해",https://mimgnews.pstatic.net/image/origin/119/2025/04/03/2941202.jpg
재산 노리고 아버지 살해한 30대 남성…알고 보니 친형도 죽여,https://mimgnews.pstatic.net/image/origin/421/2025/04/03/8172106.jpg
尹 선고 날 헌재·광화문 세대결…8년前 20만명 운집 재현되나,https://mimgnews.pstatic.net/image/origin/025/2025/04/03/3431745.jpg
"“‘패배’라 부르며 조롱, 욕하는 게 재미있나”…빅뱅 승리, 심경고백",https://mimgnews.pstatic.net/image/origin/009/2025/04/03/5470423.jpg
"[속보] 윤 대통령 탄핵심판 선고 방청권 경쟁률 4,818.5:1",https://mimgnews.pstatic.net/image/origin/052/2025/04/03/2175180.jpg
尹 탄핵 기각되면 현대차·기아차·GM 파업한다…민주노총 의결,https://mimgnews.pstatic.net/image/origin/003/2025/04/03/13162745.jpg
"헌재 앞 '진공상태' 아직은 80%...맞은편 카페 ""오랜만에 조용하네요"" [현장]",https://mimgnews.pstatic.net/image/origin/014/2025/04/03/5330992.jpg
"尹 심판의 날 D-1…""전원일치 파면"" vs ""기각"" 탄핵 찬반 총력전",https://mimgnews.pstatic.net/image/origin/079/2025/04/03/4009876.jpg
"독보적 라인업 총출동…포르쉐코리아, '신형 911' 국내 최초 공개",https://mimgnews.pstatic.net/image/origin/015/2025/04/03/5114700.jpg
"韓 진출 BYD ""배터리 사고 '제로(0)'...안전 최우선으로 할 것"" [FN 모빌리티]",https://mimgnews.pstatic.net/image/origin/014/2025/04/03/5330940.jpg
수소차부터 자율주행까지 총 집합…서울모빌리티쇼 4일 개막,https://mimgnews.pstatic.net/image/origin/025/2025/04/03/3431741.jpg
"KGM, 中 '강자'와 맞손…글로벌 시장 광폭행보",https://mimgnews.pstatic.net/image/origin/018/2025/04/02/5977061.jpg
베토벤 실내악의 정수…김선욱과 '환상적 하모니',https://mimgnews.pstatic.net/image/origin/011/2025/04/02/4469300.jpg
'폭싹 속았수다' 인기에 노젓는 중국?…직접 초대까지 나섰다 [소셜픽],https://mimgnews.pstatic.net/image/origin/437/2025/04/03/435711.jpg
"폭스바겐코리아, 부산·울산·경남 및 제주 지역 공식 딜러사 세 곳 선정",https://mimgnews.pstatic.net/image/origin/016/2025/04/03/2452317.jpg
"광주 대표 작가 이이남, ACC서 '산수극장' 전시 개최",https://mimgnews.pstatic.net/image/origin/015/2025/04/03/5114637.jpg
"뜨거운 물로 오래 씻는데…“‘이 건강’ 안 좋아집니다” 충격, 왜",https://mimgnews.pstatic.net/image/origin/081/2025/04/03/3530596.jpg
'청명' 앞둔 진해 벚꽃 개화율 90％…꽃구경 인파로 북적,https://mimgnews.pstatic.net/image/origin/001/2025/04/03/15309651.jpg
"②“이제 감옥으로, 역사의 영원한 지하 감옥으로”···진은영의 말[말했다]",https://mimgnews.pstatic.net/image/origin/032/2025/04/03/3361042.jpg
"[날씨] 퇴근길 바람 서늘‥식목일, 차츰 요란한 비",https://mimgnews.pstatic.net/image/origin/214/2025/04/03/1415831.jpg
경락·마사지·한방 치료로 안면 비대칭 교정할 수 있을까?,https://mimgnews.pstatic.net/image/origin/296/2025/04/03/88264.jpg
“사타구니 썩는다” 의사가 경고한 최악의 속옷 입는 습관…“이렇게 해야”,https://mimgnews.pstatic.net/image/origin/016/2025/04/03/2452380.jpg
금요일도 구름 많고 일교차 큰 날씨···토요일엔 비,https://mimgnews.pstatic.net/image/origin/657/2025/04/03/36823.jpg
"현대차그룹 ""美 가격인상 없다""…관세 리스크 정면돌파",https://mimgnews.pstatic.net/image/origin/018/2025/04/03/5977959.jpg
"류쉐량 총경리, “BYD 자체 기술력↑… 현대차그룹 친환경 전략에 보탬”",https://mimgnews.pstatic.net/image/origin/020/2025/04/03/3625813.jpg
"""車 가격 안 올린다"" 현대차·기아, 관세폭탄 정면 돌파",https://mimgnews.pstatic.net/image/origin/018/2025/04/03/5977947.jpg
"피부 밝게 해준다는 ‘이 성분’… 청소년이 썼다간, 오히려 여드름 유발?",https://mimgnews.pstatic.net/image/origin/346/2025/04/03/89898.jpg
"""제발 한 장만"" 암표 '50만원' 폭등…통영 뒤흔든 男 정체",https://mimgnews.pstatic.net/image/origin/015/2025/04/03/5114687.jpg
당뇨병 환자가 신장내과에 꼭 가야 하는 이유,https://mimgnews.pstatic.net/image/origin/662/2025/04/03/65321.jpg
2주 이상 입안 통증·염증은 구내염? 구강암도 의심하세요,https://mimgnews.pstatic.net/image/origin/469/2025/04/03/857480.jpg
[날씨] 내일 대체로 맑고 일교차 커…경북 건조특보,https://mimgnews.pstatic.net/image/origin/422/2025/04/03/727582.jpg
가까워진 자율주행 시대… 알아서 피하고 스스로 정차한다,https://mimgnews.pstatic.net/image/origin/417/2025/04/03/1068461.jpg
"美, 한국산 식품 25% 관세…비비고 만두 '관망' vs 불닭은 '빨간불'",https://mimgnews.pstatic.net/image/origin/277/2025/04/03/5572578.jpg
"[펀 앤 펀]BYD, 아토 3 보조금 확정…두번째 전기차 '씰' 사전예약 개시",https://mimgnews.pstatic.net/image/origin/030/2025/04/03/3300058.jpg
오십견 위험 높이는 의외의 요인···‘이 질환’ 때문이었다고?,https://mimgnews.pstatic.net/image/origin/032/2025/04/03/3361017.jpg
한숨 교차한 車업계 “기회도 있다”…美관세 유불리 따져보니,https://mimgnews.pstatic.net/image/origin/029/2025/04/03/2945802.jpg
"블랙핑크 제니, 손흥민도 하는 ‘이것’…세포 젊어지는 비결 있다는데",https://mimgnews.pstatic.net/image/origin/081/2025/04/03/3530564.jpg
"막 오른 2025 서울 모빌리티쇼, 차세대 수소전기차 ‘디 올 뉴 넥쏘’·‘ 더 뉴 아이오닉 6’ 세계 최초 공개",https://mimgnews.pstatic.net/image/origin/009/2025/04/03/5470355.jpg
"현대차, 7년 만에 신형 수소차 '넥쏘' 세계 최초 공개",https://mimgnews.pstatic.net/image/origin/031/2025/04/03/921693.jpg
아기 젖병 물려 재우면 충치 생기고 뚱뚱해질 수 있다?,https://mimgnews.pstatic.net/image/origin/296/2025/04/03/88263.jpg
예산 줄어도 “쥐어짜서” 잘해보자는 정준호 전주영화제 집행위원장,https://mimgnews.pstatic.net/image/origin/028/2025/04/03/2739042.jpg
"“탄수화물 많이 먹어 살쪘다?”…하지만, 진짜 문제는 다른 데 있다",https://mimgnews.pstatic.net/image/origin/296/2025/04/03/88262.jpg
"등록 후 수업거부 의대생에 연세의대 교수들 ""소중한 시간 희생 마라""",https://mimgnews.pstatic.net/image/origin/584/2025/04/03/31712.jpg
"유인촌 장관 ""국립국악원 개편, 국악계 목소리 듣고 방안 찾겠다""",https://mimgnews.pstatic.net/image/origin/008/2025/04/03/5175446.jpg
대구대학병원서 신생아 학대...간호사 3명 학대정황 확인,https://mimgnews.pstatic.net/image/origin/009/2025/04/03/5470317.jpg
‘찐득찐득’ 주방 곳곳…말끔히 없애는 4가지 방법,https://mimgnews.pstatic.net/image/origin/145/2025/04/03/21870.jpg
[날씨] 대기질 대체로 무난‥내일도 큰 일교차,https://mimgnews.pstatic.net/image/origin/214/2025/04/03/1415809.jpg
"“60대 후반인데 팔팔”… 보디빌딩 대회 휩쓰는 美 할머니, 체력 기른 비결 물으니?",https://mimgnews.pstatic.net/image/origin/346/2025/04/03/89896.jpg
"포르쉐코리아, 신형 '911'·전기차 '마칸 일렉트릭' 공개",https://mimgnews.pstatic.net/image/origin/092/2025/04/03/2369292.jpg
“나 아니면 이 일 할 사람 없다”…‘거짓 바쁨’의 함정,https://mimgnews.pstatic.net/image/origin/005/2025/04/03/1767495.jpg
‘침대 시트’ 깨끗해 보여도…건강한 세탁 주기는?,https://mimgnews.pstatic.net/image/origin/145/2025/04/03/21869.jpg
"[영상] “할머니, 혼자 두지 마세요” 미얀마 강진 속, 기적적인 구조 스토리",https://mimgnews.pstatic.net/image/origin/005/2025/04/03/1767494.jpg
"트럼프, 한국에 상호관세 25% 부과…日 24%·中 34%",https://mimgnews.pstatic.net/image/origin/009/2025/04/03/5469885.jpg
미국 자동차·주요부품 25% 관세 정식 발효...대미수출 타격,이미지 없음
"트럼프, 중국發 소액 면세도 폐지… 알리·테무 직격탄",https://mimgnews.pstatic.net/image/origin/023/2025/04/03/3897310.jpg
백악관 행정명령 부속서에 한국 상호관세 26%...트럼프 발표와 달라 혼란,https://mimgnews.pstatic.net/image/origin/052/2025/04/03/2174990.jpg
"하마스, 이스라엘 새 제안 대응 않기로…'50일 연장' 중재국안 고수",https://mimgnews.pstatic.net/image/origin/421/2025/04/03/8170133.jpg
총기 든 가방 못 잡아낸 日 간사이공항… “엑스포 코앞인데”,https://mimgnews.pstatic.net/image/origin/005/2025/04/03/1767431.jpg
머스크 본업 복귀 기대감에 테슬라 ‘급등’…시간외서 급락,https://mimgnews.pstatic.net/image/origin/018/2025/04/03/5977443.jpg
"아마존, 틱톡 미국 사업부 인수 추진…오라클·블랙스톤과 경합",https://mimgnews.pstatic.net/image/origin/422/2025/04/03/727325.jpg
‘ICC 체포영장’ 무시하는 네타냐후···헝가리로 출국,https://mimgnews.pstatic.net/image/origin/032/2025/04/03/3360914.jpg
일본 정부도 내일 윤 탄핵심판 결과 주시…“한일외교 영향 우려”,https://mimgnews.pstatic.net/image/origin/056/2025/04/03/11924509.jpg
"""한국은 망했다, 모든 성과 무너질 것""⋯'2380만' 유튜브 채널의 경고",https://mimgnews.pstatic.net/image/origin/031/2025/04/03/921739.jpg
“미국에 재앙”·“새로운 황금기”…트럼프 관세 미국내 여론은,https://mimgnews.pstatic.net/image/origin/056/2025/04/03/11924620.jpg
"2380만 유튜버 “한국은 끝났다, 돌이킬 수 없어” 전망...그 이유는",https://mimgnews.pstatic.net/image/origin/023/2025/04/03/3897421.jpg
"이시바 '아부 외교'도 안 통했다…""日 24% 관세, 최악 시나리오""",https://mimgnews.pstatic.net/image/origin/025/2025/04/03/3431740.jpg
유럽증시 20％ 관세폭탄에 급락 출발,https://mimgnews.pstatic.net/image/origin/001/2025/04/03/15309635.jpg
"""친구 아니야""…트럼프 상호관세에 '보복' '안도' 흔들린 세계",https://mimgnews.pstatic.net/image/origin/008/2025/04/03/5175521.jpg
'韓 25%' 트럼프 직접 흔들더니 실제론 26%…졸속 행정 망신(종합),https://mimgnews.pstatic.net/image/origin/421/2025/04/03/8172057.jpg
최악 국가로 꼽힌 한국…발표 땐 25%라더니 26% 관세,https://mimgnews.pstatic.net/image/origin/055/2025/04/03/1246035.jpg
"“중국, 딥시크처럼 반도체를 재정의할 것”…전 TSMC 부사장의 전망",https://mimgnews.pstatic.net/image/origin/011/2025/04/03/4469740.jpg
"네타냐후, ICC 체포영장 무시하고 헝가리행… 하마스는 휴전 역제안 거부",https://mimgnews.pstatic.net/image/origin/469/2025/04/03/857491.jpg
"‘원피스’ 감독 “지브리를 더럽히다니, 챗GPT 용서하지 않겠다”",https://mimgnews.pstatic.net/image/origin/028/2025/04/03/2739064.jpg
이스라엘 지상군 투입에 주민 봉기까지…진퇴양난 하마스,https://mimgnews.pstatic.net/image/origin/056/2025/04/03/11924612.jpg
"동남아 폭격한 상호관세 '中 겨냥'…""美 나이키·룰루레몬도 직격""",https://mimgnews.pstatic.net/image/origin/421/2025/04/03/8171981.jpg
"트럼프 ‘대중국 60% 관세’ 공약 현실로…반격 예고한 중국, 결정적 칼 뽑을까",https://mimgnews.pstatic.net/image/origin/032/2025/04/03/3361026.jpg
나이키·아디다스 어쩌나…베트남·중국 고율 관세에 직격탄,https://mimgnews.pstatic.net/image/origin/056/2025/04/03/11924603.jpg
"“6·25때 쌀 원조한 미얀마, 한국 도움 절실”",https://mimgnews.pstatic.net/image/origin/023/2025/04/03/3897406.jpg
대만 앞바다에서 실시된 中 '대만 포위 훈련',https://mimgnews.pstatic.net/image/origin/030/2025/04/03/3300066.jpg
"백악관 ""한국에 대한 상호관세, 25% 아닌 26%""",https://mimgnews.pstatic.net/image/origin/422/2025/04/03/727574.jpg
韓25% 관세율 어떻게 산정됐나…USTR 계산식 공개,https://mimgnews.pstatic.net/image/origin/277/2025/04/03/5572581.jpg
펭귄도 '어리둥절'…남극 무인도에 관세 때린 트럼프,https://mimgnews.pstatic.net/image/origin/422/2025/04/03/727569.jpg
이걸 어떻게 먹어…中 피자헛 기괴한 ‘한정판’에 불만 폭주 [여기는 중국],https://mimgnews.pstatic.net/image/origin/081/2025/04/03/3530566.jpg
"유럽, 우크라 평화유지에 나토 군사자산 투입 검토",https://mimgnews.pstatic.net/image/origin/055/2025/04/03/1246016.jpg
트럼프는 25%랬는데…알고보니 26%관세,https://mimgnews.pstatic.net/image/origin/025/2025/04/03/3431717.jpg
EU 수장 “관세 대응 준비됐다” 보복 시사…영국은 ‘기본관세’에 안도,https://mimgnews.pstatic.net/image/origin/028/2025/04/03/2739047.jpg
‘지극정성 소용 없더라’ 인도태평양 우방국도 관세 폭탄 직격,https://mimgnews.pstatic.net/image/origin/032/2025/04/03/3361015.jpg
"""입대 시 6천300만원 일시불 지급""…파격 보너스에 난리 난 '이 나라'",https://mimgnews.pstatic.net/image/origin/666/2025/04/03/68884.jpg
"머스크, 결국 쫓겨나나…""트럼프, 측근들에 경영복귀 말해""",https://mimgnews.pstatic.net/image/origin/025/2025/04/03/3431712.jpg
"""파나마항 매각돼도 안 돼도 중국이 패배자""...시진핑 사면초가 [지금이뉴스]",https://mimgnews.pstatic.net/image/origin/052/2025/04/03/2175147.jpg
"위스콘신 조롱거리 된 머스크…트럼프, 헤어질 결심?",https://mimgnews.pstatic.net/image/origin/028/2025/04/03/2739041.jpg
‘20% 관세’ 맞은 EU “협상부터···결렬 시 보복조치 준비 중”,https://mimgnews.pstatic.net/image/origin/032/2025/04/03/3361011.jpg
"""美 리더십의 종말…미국 경제 망가지고, 중국에 기회 온다""",https://mimgnews.pstatic.net/image/origin/421/2025/04/03/8171845.jpg
"“푸틴, 6개월 내 전쟁 끝낼 듯…‘마지막 총공세’ 준비 시작” [핫이슈]",https://mimgnews.pstatic.net/image/origin/081/2025/04/03/3530555.jpg
"덴마크 총리 그린란드 방문 시작…""美, 그린란드 차지 못한다""",https://mimgnews.pstatic.net/image/origin/003/2025/04/03/13162522.jpg
아마존도 틱톡 인수전 뛰어들었다…막판에 ‘제안서’ 제출,https://mimgnews.pstatic.net/image/origin/020/2025/04/03/3625799.jpg
“입대하면 최대 6300만원”…일시불 보너스 준다는 ‘이 나라’,https://mimgnews.pstatic.net/image/origin/020/2025/04/03/3625798.jpg
"WSJ ""트럼프 상호관세, 세계무역질서 폭파…되레 중국 반사이익""",https://mimgnews.pstatic.net/image/origin/025/2025/04/03/3431706.jpg
"60만원대로 출시될 '닌텐도 스위치2', 미국서 사면 100만원?",https://mimgnews.pstatic.net/image/origin/417/2025/04/03/1068257.jpg
"'라그나로크: 백 투 글로리' 제작진 ""자유 경제 생태계 구현""",https://mimgnews.pstatic.net/image/origin/001/2025/04/03/15309435.jpg
삼성 갤럭시 탭 S10 FE  시리즈 출시…69만원부터,https://mimgnews.pstatic.net/image/origin/018/2025/04/03/5977613.jpg
제2의 더핑크퐁컴퍼니 키우자…'SW 마에스트로' 연수센터 개소식,https://mimgnews.pstatic.net/image/origin/421/2025/04/03/8171223.jpg
"""애플, AI로 소비자 기만 멈춰야""…공정위, 허위광고 조사 착수",https://mimgnews.pstatic.net/image/origin/014/2025/04/03/5330860.jpg
"망이용료가 美디지털 무역장벽? 이해민 의원 ""이상한 논리""",https://mimgnews.pstatic.net/image/origin/374/2025/04/02/432946.jpg
"SK쉴더스, '블랙햇 아시아 2025'서 AI 보안기술 선봬",https://mimgnews.pstatic.net/image/origin/018/2025/04/03/5977891.jpg
역대급 국제 전파망원경에 韓 참여…협력 논의 가속,https://mimgnews.pstatic.net/image/origin/421/2025/04/03/8171656.jpg
전세계 '관세폭탄'에 스마트폰 지형도 바뀌나…삼성·애플도 타격[트럼프 관세],https://mimgnews.pstatic.net/image/origin/003/2025/04/03/13162797.jpg
부채비율 낮춘 네이버클라우드…흑자전환에 자본 확충 '속도',https://mimgnews.pstatic.net/image/origin/293/2025/04/03/65722.jpg
"[DD퇴근길] 5대 AI에게 물었다…""尹 탄핵심판 결과, 어떨 것 같니?""",https://mimgnews.pstatic.net/image/origin/138/2025/04/03/2194051.jpg
"""아이폰 허위광고 조사 검토중""…공정위 판단에 '촉각'",https://mimgnews.pstatic.net/image/origin/015/2025/04/03/5114722.jpg
"추계위 법안 통과…'속도' 내는 정부, ""못 믿겠다""는 의료계",https://mimgnews.pstatic.net/image/origin/421/2025/04/03/8172060.jpg
'IT서비스' LG CNS의 자신감…기업 시스템 잘 알아야 AI도 잘한다[테크체인저],https://mimgnews.pstatic.net/image/origin/293/2025/04/03/65715.jpg
"""머스크 CEO 소유 X, 계정 정보 2억여개 유출 의혹""",https://mimgnews.pstatic.net/image/origin/421/2025/04/03/8172045.jpg
"AI의 '인간 연기', 실제 인간보다 더 인간답다…충격적 결과",https://mimgnews.pstatic.net/image/origin/092/2025/04/03/2369315.jpg
[팩플] 1억 5000만대 팔린 흥행파워 이어갈까…닌텐도 스위치2 6월에 나온다,https://mimgnews.pstatic.net/image/origin/025/2025/04/03/3431728.jpg
부처 정보보호책임관 국장급 격상됐다,https://mimgnews.pstatic.net/image/origin/092/2025/04/03/2369312.jpg
[비즈톡톡] “진료 의뢰서 자동으로 작성해주고 적합한 운동 추천”… 글로벌 IT 기업이 의료 시장에 주목하는 이유는,https://mimgnews.pstatic.net/image/origin/366/2025/04/03/1066486.jpg
"'尹 탄핵심판' AI에게 물었더니…클로드 ""인용 가능성 75%""",https://mimgnews.pstatic.net/image/origin/092/2025/04/03/2369311.jpg
[어바웃 C]전 세계여행 데이터 끌어모은 야놀자 이수진,https://mimgnews.pstatic.net/image/origin/293/2025/04/03/65713.jpg
"尹 탄핵 선고 D-1…네이버 ""뉴스접속 몰릴라, 서버 용량 늘렸다""",https://mimgnews.pstatic.net/image/origin/277/2025/04/03/5572600.jpg
"LG화학, 두께 절반 줄인 모바일 D램용 접착 필름 양산",https://mimgnews.pstatic.net/image/origin/030/2025/04/03/3300070.jpg
"서울YMCA ""애플 AI는 껍데기…공정위 조사 나서""",https://mimgnews.pstatic.net/image/origin/092/2025/04/03/2369306.jpg
"""아빠, 어린이날 선물 한달 뒤에 사주면 안돼?""…닌텐도 스위치 2 6월5일 출시",https://mimgnews.pstatic.net/image/origin/003/2025/04/03/13162633.jpg
과기협력 문제 없다더니 '민감국가 출신 불가'... 글로벌 R&D 예산 증액이 무색,https://mimgnews.pstatic.net/image/origin/469/2025/04/03/857477.jpg
"의협 ""제적, 학생들 울타리 밖으로 내던지는 행위…투쟁 논의 중""",https://mimgnews.pstatic.net/image/origin/421/2025/04/03/8171927.jpg
[기고] 화물차 불법주차가 발생할 수밖에 없는 현실과 해결책,https://mimgnews.pstatic.net/image/origin/020/2025/04/03/3625804.jpg
삼성·애플 스마트폰 거점 직격탄…연1.2억대 美시장 먹구름(종합),https://mimgnews.pstatic.net/image/origin/421/2025/04/03/8171903.jpg
"""아이폰17 프로, 후면 카메라 이렇게 바뀐다""",https://mimgnews.pstatic.net/image/origin/092/2025/04/03/2369302.jpg
"""내일 꽃다발 배송해 드릴게요"" 알아서 CX 챙기는 시스코 'AI 에이전트'",https://mimgnews.pstatic.net/image/origin/138/2025/04/03/2194037.jpg
"‘닌텐도 스위치2’, 국내 출고가 64만8000원… 日보다 30% 비싸",https://mimgnews.pstatic.net/image/origin/005/2025/04/03/1767510.jpg
"된장, 우주서 발효시켰더니…""지구 된장과 맛 달라"" [우주로 간다]",https://mimgnews.pstatic.net/image/origin/092/2025/04/03/2369299.jpg
롯데도 신세계도…백화점은 왜 ‘타운화’ 선언할까,https://mimgnews.pstatic.net/image/origin/092/2025/04/03/2369297.jpg
"""나도 지브리 할래"" 국내 챗GPT 앱 설치 19배 증가",https://mimgnews.pstatic.net/image/origin/014/2025/04/03/5330944.jpg
"""운전석이 없네?""…전시장 왕복 '롯데 자율주행셔틀' 타보니",https://mimgnews.pstatic.net/image/origin/018/2025/04/03/5977893.jpg
"[인터뷰] 이해민 의원, ""美 통상마찰 없이 '망 무임승차' 해결하려면""",https://mimgnews.pstatic.net/image/origin/138/2025/04/03/2194029.jpg
AI 반도체·PC 메카로 떠오른 대만… ‘컴퓨텍스 2025′는 별들의 전쟁,https://mimgnews.pstatic.net/image/origin/366/2025/04/03/1066461.jpg
"챗GPT로 만든 이모티콘, 카톡에서 팔 수 있을까 [IT돋보기]",https://mimgnews.pstatic.net/image/origin/031/2025/04/03/921680.jpg
OTT 3월 사용자 수 증가…넷플 독주 속 쿠팡플레이 웃었다,https://mimgnews.pstatic.net/image/origin/421/2025/04/03/8171789.jpg
최태원 회장 “AI·제조 결합한 경쟁력 中 이미 앞서”,https://mimgnews.pstatic.net/image/origin/030/2025/04/03/3300038.jpg
'배민' 작년 얼마나 벌고 남겼을까...실적 발표에 쏠리는 눈,https://mimgnews.pstatic.net/image/origin/092/2025/04/03/2369294.jpg
[사이언스카페]술 마신 수컷 초파리의 짝짓기 성공률이 더 높다고?,https://mimgnews.pstatic.net/image/origin/023/2025/04/03/3897391.jpg
"[PLAY IT] '애플 인텔리전스' 맥북·아이폰에서 써보니…""왜 이제 왔니?""",https://mimgnews.pstatic.net/image/origin/138/2025/04/03/2194027.jpg
